,-15,-14,-13,-12,-11,-10,-9,-8,-7,-6,-5,-4,-3,-2,-1,0,1,2,3,4,5,6,7,8,9,10,11,12,13,14,15,Traj_type
0,-0.454635004,-1.341624611,-1.120234264,-1.146640142,-2.355986865,-2.626415659,-4.246386746,-4.623800629,-4.500099551,-4.114279438,-3.658017754,-4.091482895,-4.394634111,-4.253776014,-4.820461795,-5.286295996,-4.097280224,-2.775320273,0.042203346,4.767757269,8.231322376,10.57331384,12.27874333,10.59828792,6.048651931,-2.427265888,-4.692745718,-1.656604993,-1.220154148,-1.211468661,-1.340396149,Retracing
1,7.613024692,6.819797903,6.937801976,7.07883522,7.252439609,6.224945384,5.355743877,5.798300711,5.922001789,4.551763569,6.013413438,5.836536599,6.441445086,6.785056864,5.916576449,5.795840491,5.706919272,6.871432279,9.367934378,9.479715936,8.860069144,6.38120764,4.73883149,3.839710964,2.007873523,0.710825282,1.84014554,0.158424744,0.808852395,-0.462800789,0.626367157,Congressing
2,0.585800595,1.433360686,2.161484021,3.997250848,3.643191163,3.667125417,4.448774774,4.700661389,5.337879569,5.682974992,5.6076728,6.428534204,6.329444521,6.924814298,6.389394215,5.952192424,5.951335409,3.719025211,3.436197293,2.008264844,1.217888432,0.573016002,-0.537127756,-0.926823014,-1.238231233,-0.873737662,-1.566079832,-0.380524132,0.353687289,0.001760774,-0.518535693,Congressing
3,1.377160729,0.920824042,1.881633558,2.242113063,2.091108132,2.602212526,1.235817318,0.361625585,-0.241162409,0.665845882,-0.336897369,-0.171829722,-0.845978929,-0.05651927,-0.42097958,-0.852687991,-1.47743492,-1.131906978,1.669853725,3.046922144,3.86446431,4.64087043,-0.446690488,-0.667815255,-0.621888613,-0.079306619,0.637833873,1.407791261,1.350714918,1.968252522,1.167352786,Quasi-static
4,-0.172286495,-1.243686253,-1.721321772,-1.02190639,-1.195510779,-2.691355816,-3.572847186,-4.133812156,-4.257513234,-3.106930873,-3.893298422,-3.675750854,-3.848327095,-3.299174161,-3.662306132,-3.676183265,-1.945978384,2.227167054,7.84351184,8.496881627,4.949413519,4.30376177,2.225750563,1.811446851,0.3040355,-0.660763302,-1.096051146,-1.638531239,-1.118398071,-2.023355242,-1.109698129,Retracing
5,3.782972719,3.510180178,2.125178046,2.769838332,2.657139074,2.384911306,2.267815879,2.440314409,2.4155119,2.353660725,1.553837093,1.731993593,1.241931488,1.801428164,1.004243203,1.419225757,2.519956834,1.82833175,0.401727429,1.801326079,1.848847208,0.648226443,-1.904353464,0.75087069,0.056805841,-1.042078447,-0.154178804,-0.471139487,-0.569318732,-0.532298872,-0.788345002,Quasi-static
6,1.133262515,1.598856215,3.003636549,3.657690128,2.545729906,3.35556864,2.669427505,1.286613387,1.162912309,1.805559764,0.691663593,1.17749426,0.687432155,2.074520982,1.508945723,1.011478348,2.759851236,5.139179592,5.396126803,5.44698451,5.464470824,4.318340956,4.377264077,2.129278745,1.248128183,0.997348856,2.702152322,2.029656253,3.327703422,3.473785213,2.799530583,Quasi-static
7,-5.979939355,-6.831950448,-6.256091384,-6.043903122,-5.783895597,-5.557070295,-6.205685416,-5.666981156,-5.156165595,-5.032668415,-5.208987835,-4.658100791,-4.309396147,-3.571839012,-3.485015057,-2.30135932,1.443625169,8.19245534,5.194352608,2.488179093,1.878945812,0.627993308,0.443056962,0.047775892,0.256081745,-0.286500249,-1.934315914,-0.252595119,-0.022798489,0.519356071,0.286164138,Retracing
8,6.648291834,6.316308264,7.730325592,8.820536826,7.950957671,8.302916417,6.780713561,7.041206149,7.164907227,6.591475143,6.623061613,6.07217457,7.05549974,7.533706763,7.177524108,5.94477951,6.486235271,6.346429488,5.979705019,7.553598243,2.65755312,0.273223619,0.880333205,1.427023533,1.34826504,3.814251228,3.443539549,2.281809043,1.335400385,2.198130406,1.990697209,Congressing
9,7.548774604,7.599940484,7.874589298,8.188227232,8.014622842,7.99895002,7.424546201,6.748448698,6.769020252,6.79965892,6.952640702,6.324570097,6.540093432,6.816875144,6.13151151,6.021751231,6.416435635,4.141320201,8.782927005,10.59544651,12.68540271,11.49276478,4.560605165,4.165324095,2.360524174,1.138996629,1.627770059,2.266619353,2.507863719,1.163549466,0.930357533,Retracing
10,7.382222299,6.790728802,5.055857426,5.56505812,5.39145373,5.419560793,4.463936147,4.61581849,3.994074502,3.704534929,3.751020115,4.069727157,4.273217918,4.373892153,4.377170286,5.86670791,6.993866538,8.02802257,5.118942965,0.077332084,-1.238116767,-2.274529655,-2.121215741,-1.090605033,-2.318082814,-2.447851701,-2.210151521,-3.147833005,-2.039891785,-1.539005533,-1.483230967,Congressing
11,-1.13799891,-1.160049938,-2.247474478,-2.273880356,-2.305101487,-2.250939583,-0.623630325,0.11938884,-0.072716041,0.629631918,0.240478881,0.855032921,1.345095026,0.290498159,-0.175341314,1.23636148,0.559398282,0.059833005,-1.403024583,-1.254369203,-0.448314197,-1.258986647,-1.847884321,-0.95726366,0.675423497,0.178305968,0.644946974,0.111456017,-1.345923518,-1.849034605,-1.65449932,Quasi-static
12,7.320156438,6.53586165,4.928853379,4.826096021,4.652491632,5.103657793,5.046831258,5.381005496,5.257304419,5.665773779,5.960299069,4.861863193,5.475331679,4.313594601,2.174973219,0.372370982,-2.28856666,-3.709839791,-4.510198576,-4.768625346,-5.830114912,-3.964954642,5.280554218,7.356482963,9.416275197,11.45635015,9.984871526,7.498323415,3.087370353,0.935610389,1.909896098,Retracing
13,1.143160149,0.967783041,1.034212325,1.453428574,0.988678782,1.042840686,0.140045289,-0.629806378,0.003718964,-0.4456467,-1.16380978,-1.848132118,-1.539344839,-0.549825793,-0.21979349,-0.371823176,1.641257423,0.621443357,-0.765364253,-2.421203083,-2.058431601,0.38500471,0.850973674,0.654966951,0.97073712,1.513319114,0.909373999,0.412515705,-0.953205326,-0.535030304,-1.042611473,Quasi-static
14,-2.990659293,-2.17205787,-1.762620566,-2.367049606,-2.193445216,-2.272448238,-2.735038444,-2.899598821,-2.105007481,-2.311596331,-1.810468942,-0.306090162,0.544348489,1.663849854,2.857926867,4.797251077,6.508498115,8.805763613,9.966561579,11.53261144,9.73549362,8.342801951,10.76901072,7.841617255,4.752319854,2.455002434,1.52125448,1.536106741,1.871308654,2.879944633,2.543721506,Retracing
15,8.228150394,8.900490675,7.22421139,7.93178718,7.720679825,7.774841729,7.914490436,7.789607064,7.779880688,8.016331256,7.626537627,6.819991211,7.014496459,6.119956279,5.264843985,5.147436697,4.551314191,3.992948339,2.921025736,0.881213044,4.09358759,0.905113087,0.82071559,1.653656186,1.980999299,2.523581293,3.186330283,1.568593706,1.327349339,0.696553155,1.161972813,Congressing
16,6.421945603,7.250405811,8.415230578,8.441636456,7.954498514,7.90033661,6.134285023,6.382191528,6.883572764,6.846425733,7.459561485,7.204651079,7.768757604,7.629582795,7.651196682,6.834953879,5.394619907,3.134107457,4.035002202,5.056559135,5.07404545,3.753119598,3.55163136,0.287331438,-0.927056681,-0.019682752,0.667366747,1.093770459,0.418794691,1.978967158,1.745775225,Congressing
17,1.572621383,3.72526505,4.215248366,4.241654245,3.579729939,2.664098561,3.723672212,4.105959214,4.456168375,3.868892921,4.830519396,5.031863238,4.975351747,4.818331975,5.654014414,5.592095839,4.281129941,1.781266646,3.658425272,9.068457894,11.20673865,12.98837204,12.01558722,10.33591181,7.286236733,0.207560016,-0.865621494,0.549233908,0.162907221,0.116625162,-0.04771921,Retracing
18,0.888418707,0.59323828,0.289654472,0.263248594,-0.092406434,-1.200108707,-1.903203393,-1.693997863,-2.303528966,-1.322494136,-2.284120611,-2.440923175,-2.622740315,-2.844543411,-2.756851561,-3.740177493,-3.523938085,-0.848574127,0.55870645,1.196819462,0.194772644,-1.316250978,-0.609811132,0.572462199,-0.05729681,-0.222403401,1.231297048,1.633017523,0.892357416,0.568774197,-0.710941917,Quasi-static
19,7.109015816,7.657531017,5.51218646,4.624760822,5.11614408,5.313687639,5.584655277,5.195971861,4.539011905,4.960901327,5.239405293,4.914499539,3.476761653,3.343994911,2.141895962,2.51816434,3.268635483,5.100936906,4.147018857,1.471211492,-0.308772951,2.393780942,1.531786049,1.757994373,1.81609427,1.750807447,1.565945582,0.854918923,1.333844924,-0.161847516,2.019603351,Congressing
20,1.991741873,2.40367077,2.202370077,4.288357862,5.167481305,5.618538085,6.243125227,6.515332539,5.355690792,4.663363637,4.676292353,4.421830779,2.910487369,2.952107127,3.875744425,3.898283678,2.374724629,3.770522407,2.988044649,3.814588247,5.869244577,4.996467031,3.54517537,3.666980064,4.497047633,4.362126637,4.230487324,4.659431763,4.895460031,5.468466419,5.635685869,Quasi-static
21,-5.172804864,-5.670129972,-4.982538687,-4.422802963,-5.077346869,-3.890499889,-2.172082949,-2.221517291,-0.561799862,-0.239454328,-0.004067793,0.646695649,2.107959607,2.498569685,2.84386525,2.821325997,3.210258153,2.220398197,1.427857448,1.06154012,1.512801482,2.322307202,3.011625941,3.525590158,3.877324519,4.012245515,5.601011633,3.500953484,4.126338993,4.242711212,3.623036168,Quasi-static
22,8.831737841,8.436247068,8.003371557,8.642836785,10.0801207,10.4342221,10.41032136,9.704442887,9.34796428,8.880570667,9.903640496,10.54777867,9.474105207,7.785505926,8.058353799,8.080893052,9.694829961,9.170037703,9.494999678,10.52009601,13.52599662,13.76657133,14.94991523,14.43595101,12.63259994,11.70994003,10.9291773,9.382339508,8.587654553,3.194626903,-0.148808937,Retracing
23,4.850970129,4.126103643,5.911928107,5.473575081,5.484378036,5.418587151,5.716762818,5.801940307,6.314235311,6.299963378,6.255780495,5.046666675,4.060286749,2.670068884,2.942916757,3.439067779,2.344925363,4.452292373,4.164728129,2.37910292,-0.491334361,-1.811046819,-3.566393138,-2.134394388,0.027114455,1.490624528,1.399314491,-0.401466865,0.417111957,1.21555406,-0.799524998,Congressing
24,1.373108476,0.977617702,2.097687899,1.66307481,-0.09254379,-1.192665053,-1.246322474,-1.161144985,-1.263079206,-1.19936982,-1.673949232,-1.383432613,-2.399154366,-2.116653331,-1.607511747,1.339790187,1.773016984,1.043552322,0.71658818,1.084658975,2.877057555,0.457015481,-0.029060554,2.697470289,1.517944536,1.397258411,0.100503538,-0.654108108,0.128456691,-0.047048335,-0.558900096,Quasi-static
25,-4.133577151,-4.688138702,-5.087181751,-5.501861404,-5.539225761,-5.412823334,-2.890658446,-2.223096988,0.053755686,0.037135991,1.123793431,2.138449548,2.812782756,3.099353553,3.372201425,3.167550661,4.673788289,5.663349616,9.187915921,9.813266396,7.717573278,6.67605784,5.981902373,5.467938156,3.664587083,3.529666087,3.438356049,2.744209663,3.461960667,4.333924682,5.121386222,Retracing
26,-3.830514469,-2.596928534,-0.920398399,-0.30441809,0.858904941,1.402908728,4.127968451,4.513337293,5.901645729,4.845725843,5.132043729,2.931204034,0.692935765,0.038205012,-0.234642861,-2.241320967,-2.119409,-0.11633879,-0.264000363,-3.808475534,-2.957908546,-1.086876734,2.449380395,2.668257705,2.190333222,1.096043532,1.545751346,3.935718737,2.803596833,2.757172493,1.691117563,Quasi-static
27,3.380380113,2.758042716,2.231964451,3.630633355,4.509756798,4.740817706,5.790717436,6.210937298,6.109003077,5.44537385,5.781984158,5.338246186,6.446739533,7.614968499,8.078021711,8.918003219,10.13044839,9.954531894,7.515235884,7.118666697,6.714015784,4.972766341,3.576556955,2.475498952,0.622931572,-1.200615706,-1.060587957,-2.147548741,-3.220117431,-2.089968583,-2.436066004,Congressing
28,0.112824707,-0.350459505,-0.783335015,-0.036494936,0.58895128,2.964007564,3.54281863,3.975322148,4.553038853,4.695535272,6.139833554,7.920198281,8.921612215,9.17879106,8.381874084,5.653807236,6.866252402,6.721254724,7.078508922,6.779339131,7.471879299,7.712454002,8.01470176,7.87504548,7.855141399,2.594154188,1.149279489,1.100235597,-2.759640356,-2.01769745,-1.843080248,Retracing
29,5.315961674,4.428844473,3.745763186,2.413002625,-0.142752984,-0.854182597,-1.115851119,-1.619276381,-3.35279414,-4.016635384,-3.993334878,-3.495494612,-1.512838915,-0.952725321,-0.819209514,-0.756129834,1.607063444,1.752061123,2.53377789,1.186062954,1.042187703,-1.197938398,0.489366207,0.886893167,0.948105681,0.823111738,2.076860227,1.192320868,1.416539527,0.601708372,1.892994194,Quasi-static
30,-0.764529803,-0.634432285,0.977203066,3.306506385,4.185629829,5.250506212,6.209578171,6.035143324,6.054398841,5.769759121,6.106369429,6.539360373,5.806540432,4.222300153,3.935360009,2.313077094,2.565578111,2.581240796,2.02105149,4.05437963,5.034629801,5.275204503,3.82274698,2.019493967,0.216142894,0.88603602,0.794725982,1.904569706,3.883266859,2.873539056,3.038739321,Quasi-static
31,1.920646717,1.510407176,2.080439906,3.908091759,4.054811937,4.176643127,4.214723652,3.782306416,4.373306617,2.972301468,2.820540052,2.980583686,1.683755011,-0.745924351,0.705062654,4.692837461,7.329874445,9.879755687,10.94232382,10.34141212,6.424238145,2.096517106,-4.680627334,-4.166663118,-4.236577862,-2.934289503,-2.358409487,-1.944415997,-1.797019637,-1.232299616,-0.946998616,Retracing
32,6.225022727,4.674205783,4.971912468,3.73199923,3.519820304,4.064826611,5.98990682,4.957594109,3.984915443,2.520134222,0.962240617,-0.822388972,-2.53107522,-3.321976734,-1.812906674,-3.082971821,-3.359066189,-1.233457254,-1.320839124,0.021953629,0.080572629,-0.628386531,0.065768936,1.645556084,0.219151351,0.198987412,0.688411289,-1.229342516,-0.172166554,-0.678088207,-0.372625329,Congressing
33,-3.104676035,-2.471628078,-2.038752568,1.541610965,4.572594785,4.561463212,3.208861525,3.614857005,3.341544017,4.511585858,4.514253612,4.406008991,4.293676304,3.030613535,2.449847924,1.911767428,5.924195887,4.736017958,8.208928177,12.54877505,12.47315123,12.66545276,12.19648455,10.93958452,8.674481023,9.473881633,5.935622816,4.774194989,4.637997281,3.810039688,-1.045566357,Retracing
34,8.311831951,7.868242312,7.000182322,6.618596226,5.739472782,5.724719441,7.207381476,7.122203987,7.224138208,8.301467007,9.012752746,8.388589721,8.789095123,8.776971788,8.266062321,8.265823339,9.890798307,10.01438458,9.20377355,6.864119597,6.028268118,2.964816041,-1.194383784,-0.13399485,0.050695828,-0.159166016,1.575500476,-0.934092291,-0.448761965,-0.973434287,-1.348414858,Congressing
35,-8.267402218,-6.39221682,-3.959208252,-3.402655403,-1.631494767,-1.547081512,-0.849234695,-0.934412184,-2.404358886,-2.712431635,-0.455216768,0.047258957,0.746852505,0.460281708,0.340816059,0.478084131,-0.156523948,1.876452743,2.650226735,3.304258961,4.702012984,3.167898497,3.147631826,2.439869056,4.243220129,4.010632185,2.027105748,3.80863395,3.619324402,7.018998936,8.091267717,Retracing
36,6.352851873,4.462297488,2.910994762,2.650316788,2.855630198,2.813085951,3.119350209,4.513352115,5.861395001,6.395610172,6.402490795,7.750581762,7.883537766,8.330129205,7.416444413,6.214116621,6.339394432,6.484392111,5.155665002,6.701785907,5.452253297,5.019003995,3.698997861,3.442405403,3.804594268,2.475940985,0.809672558,1.65421471,1.278944216,-0.381798284,-2.172442356,Congressing
37,3.437391983,3.832882756,4.824267214,4.56358924,5.251338068,5.718762085,6.076890107,5.26269566,4.728942558,4.592920712,6.350147622,7.82683645,8.471288462,7.808005301,7.424458008,7.257557765,2.908413975,0.039325305,-3.171722842,-2.018199899,-1.114358314,-1.486746319,-1.624194064,-1.526879651,-2.011722292,-0.978681949,-0.887371911,-3.461594119,-5.608672214,-4.565210541,-5.515470513,Congressing
38,0.711543166,1.107033939,-0.787169957,0.157416881,0.989962384,1.622554936,1.087910886,3.035424002,5.075556312,4.380767315,4.708621865,5.198230829,5.623974146,6.141711848,6.577036517,7.601491785,6.915718045,8.070876837,9.134287958,10.67803313,12.78629961,14.02249535,14.5070924,13.6577979,10.9550797,4.296739729,2.200977661,3.9152601,4.134702681,0.991923336,2.173650698,Retracing
39,3.742803678,2.275640885,2.708516395,4.011880681,3.393607617,4.027990344,2.880518357,2.8323118,2.352516636,3.040340847,2.863273083,4.710991405,1.784239338,3.342580193,3.880126366,3.647891001,1.932846572,-0.367086658,-1.333205398,-1.317168032,2.289544221,4.186946746,4.228402048,3.125567159,2.31882394,2.453744935,1.766123862,1.375810608,1.403329409,1.339673651,1.938882819,Quasi-static
40,4.012335621,4.631411772,5.055532468,4.780400876,3.960880111,3.854080174,3.175877877,2.990717657,3.439121364,3.035425853,1.816451651,1.134423837,-0.401943513,-0.728242903,-0.763943061,-1.317537414,-0.906262258,-1.027456079,-0.98338714,-0.117313254,0.267624299,-0.653536468,-1.216860864,-0.454054439,-1.510617706,-1.65802617,-1.009138093,-2.211996013,0.237111788,1.923158935,1.926353342,Congressing
41,4.538903597,5.694984817,5.832570659,6.822874412,6.796839705,6.366768856,5.737324163,5.954917746,6.330520756,6.946067007,7.734851044,8.426993477,7.675695853,7.386803941,7.327060691,8.500029075,7.599386409,7.514928647,6.335376786,6.109408214,7.665199695,9.777310568,11.2143908,12.36712763,11.44828391,8.367661505,6.380281837,4.066677718,2.879651172,3.768613548,4.533897308,Retracing
42,1.705479995,2.219426457,2.435823769,2.464059697,1.882316181,2.159566307,2.067126684,1.686134193,2.128527127,2.408109499,2.788128961,3.510325259,1.839706641,1.514078672,1.478378513,1.479821549,2.183511899,2.062318078,3.369416802,3.742034303,3.717535861,1.908848606,3.07809772,5.135461069,7.089599624,4.440305116,3.997150734,2.257287743,2.583089777,2.067026189,2.149032065,Retracing
43,3.088163149,2.455461746,2.965089149,3.721786013,4.351615713,4.580645371,4.288363511,4.229735708,4.226161215,3.269311732,1.325170093,1.02977069,1.187560727,0.469903842,0.81177488,-0.196216951,-0.966697225,-1.626967917,-0.908276082,-2.21383983,-2.366339486,-3.720768072,-2.437429734,-0.489433578,0.235442443,-1.954189018,-3.347134129,-3.047970442,-1.233366676,-0.289834773,-0.146084946,Congressing
44,8.591904873,8.225033078,8.631134499,8.276283312,9.200933766,9.002495109,9.680697406,9.438389311,8.40422293,8.490658301,9.441129968,9.603252745,8.870041515,8.793587102,8.596588498,7.929899898,7.196155682,6.921277894,7.035503315,5.492162318,6.902852553,9.009033488,10.18884584,8.175833034,4.373703873,1.415848355,-1.570079647,-0.23538252,-0.843175407,-1.559416318,-1.300118963,Retracing
45,2.922241556,3.616686934,4.05284222,3.632133396,4.03019662,4.521046619,3.338434912,3.669867945,4.825797254,5.089230725,4.929627613,4.701689555,5.200782823,5.056065213,3.701166513,4.919074144,5.478413578,4.476839656,3.548451642,2.584862547,1.883205841,0.852048167,0.36166987,-0.328335859,-0.964004831,-0.473689429,-0.695780612,-1.95820311,-1.819409471,-2.224401016,-1.677897387,Congressing
46,7.845162158,8.259083456,7.933149388,7.641482912,7.49051952,6.816526364,8.153292032,7.404704153,6.803345439,5.693540949,4.636254377,4.029605608,4.211438737,3.780988127,3.657722505,1.98448511,1.805778283,-0.007183585,-1.73506843,1.218672323,0.247711229,-0.374010449,1.12974424,1.038194152,-0.038698821,1.359046462,0.092607705,-1.065617391,-0.617438958,-1.411689486,-1.17042445,Congressing
47,7.766487623,7.173188704,7.457060403,8.910790837,7.685817305,7.932879282,6.865815102,7.233984194,7.230409701,6.91409127,6.852003368,5.82884511,6.010678239,5.391207984,5.726135963,7.109952433,6.888498775,7.009692596,6.805725591,6.544118118,6.037622264,5.970136122,5.148872432,2.329550164,3.428058408,1.11005602,0.369663507,0.108450452,0.038327554,0.774136073,0.807677724,Congressing
48,1.655985104,2.942203929,3.512610483,3.935077608,3.283845204,3.463445837,2.835871519,1.941010825,2.053655281,2.249627407,1.613798377,1.87330593,1.243620681,2.247317614,2.283017773,2.66629622,3.597664172,4.493640312,4.140056147,1.131972754,-0.789165052,-1.498114533,-2.275027684,-1.8850125,-2.25818971,-2.110781246,-0.910205444,-1.739148855,-1.821964719,-5.173801955,-4.523772343,Quasi-static
49,5.504243401,5.673705255,4.920302873,4.982763027,3.453222322,3.053742475,3.146182098,3.526372735,3.462019091,3.273139302,2.094294428,2.042683048,1.321493363,0.976536416,1.012236574,0.870531498,0.972348753,1.093542574,1.440205891,1.013621866,1.495512055,-0.158274785,0.97946216,1.058899398,0.618260844,-1.414008544,0.622128729,-0.645633123,-2.034225603,-1.580003885,-1.686724274,Quasi-static
50,3.645932831,3.153200064,2.764870096,2.478388378,3.123610009,3.388838589,4.296936989,5.045524869,4.713135483,4.217935536,4.444999991,3.660378481,4.125087177,4.531494695,4.495794537,2.916947648,2.583363918,1.559949136,0.174408031,-2.346525055,0.284469719,-0.802339021,-1.023290966,-0.821532703,-0.18586373,-0.382029799,-0.276157565,0.639211795,1.124781462,-0.038495372,-0.322507239,Congressing
51,7.44155469,6.900064319,6.946145725,6.940188088,6.731144509,7.441873724,7.416224024,7.933175861,7.119221203,7.167037099,7.211092682,7.048969905,7.702698246,8.078380478,8.073405605,7.09835371,6.410643349,5.880684952,5.247356348,3.813126368,2.573684325,-0.691459426,-2.360060234,-3.70853803,-3.471346227,-4.046223005,-2.500322888,-0.676852227,-0.020966655,-0.939784046,-1.040787041,Congressing
52,4.597850183,5.001458037,5.35811739,6.2424896,6.344023967,6.841019024,6.339814826,5.609904624,5.369019674,4.885841273,3.252091723,3.089968946,3.200551011,1.939571236,0.634830519,1.118510247,0.475280857,0.525074361,0.098797721,-0.369094301,0.050975604,-0.633079334,-0.263998471,0.633059221,0.463220589,0.315812125,-0.140035223,-0.098697531,-0.076660818,-1.224708692,-0.782695845,Congressing
53,9.50046334,9.113662115,8.921294851,8.835854324,8.718315182,8.617526018,9.354637092,9.437979407,8.410290592,9.385843814,8.691853136,9.573015213,9.163822674,9.801996669,9.516497715,9.481204692,8.580562027,8.868132781,8.196464411,8.836782594,10.11806077,11.28279829,11.60379297,10.30407278,10.64224807,9.402125725,7.311220075,4.809274233,3.163252233,3.336477301,2.717303408,Retracing
54,5.153670171,4.466037419,4.249627063,4.371909921,4.394632818,4.147570841,4.055131218,4.352207691,4.007796759,4.061623428,3.910648593,3.748525816,4.426968669,3.318011614,4.087819061,4.345743085,6.355210052,5.849966168,5.559674934,3.611420258,-2.140860728,-1.836399189,-0.686655667,-1.180868253,-0.545199281,0.149635918,2.501043641,3.839604682,4.398646466,4.706122801,3.785856515,Congressing
55,2.453473928,2.861384452,2.681723198,1.077337046,1.433324858,1.100634934,2.425379056,3.507551317,2.936917888,4.01788051,4.944309084,4.905521104,4.611799734,4.431819339,3.540453591,3.264497248,2.950606867,3.071800689,2.571141856,1.741132608,-0.823613229,-2.756991864,-2.265796744,-1.942571483,-1.772602418,-1.625193954,-1.078644023,-0.819150188,1.358263909,1.356026167,1.780300074,Quasi-static
56,-2.524488672,-2.544046463,-2.645567667,-2.480513817,-2.551994319,-2.744422203,-3.255777573,-3.070617354,-2.848436144,-2.536245069,-2.226304454,-1.15447667,-2.009917622,-2.525731462,-1.818774966,-1.191708496,0.30738981,0.715118486,0.036529268,0.549704114,4.30317768,4.374890858,7.263905053,9.936993638,12.06075442,12.37313943,13.89030396,12.87835167,12.42951806,12.67106835,10.48979979,Retracing
57,4.796590492,4.220900055,4.407243502,4.072004179,4.18022074,3.335374542,4.414460268,4.455055752,3.860846025,2.676357421,3.025651598,2.257328267,2.807530626,3.378914697,3.343214539,2.722158841,3.000786437,2.879592616,3.807980629,4.814316556,4.837773865,6.240960056,6.652526884,4.248742687,1.887204658,0.183549362,0.643417794,0.258089024,0.279454318,-0.128004802,0.228514383,Retracing
58,4.529905918,4.065518913,3.824276656,4.263713381,4.058653031,4.665721979,5.526933149,5.486337665,5.037933958,5.417586377,6.611846066,6.773968843,6.870979729,7.606043695,7.641743853,6.572171018,4.155680116,3.947592252,3.36050747,3.726738083,2.628468781,2.506344694,-2.445852568,-4.234582949,-3.357423341,-4.113037691,-3.41340232,-3.084184768,-2.47891163,-1.041121488,-0.713560936,Congressing
59,3.559701881,2.672925049,2.638604322,3.047315762,3.695849201,3.759902307,3.85234193,4.0982813,3.24645237,2.905419427,2.65364046,2.815763237,3.021639458,2.99327123,3.040992934,2.416249313,3.89664388,4.017837701,5.511311855,6.305010782,7.855030772,10.38881045,11.3495493,12.86393594,13.49222903,12.20562039,12.94800259,12.4910877,11.59074268,11.9494442,11.3357726,Retracing
60,3.054778102,2.719513146,2.713666844,1.402785127,1.581816822,1.972612216,2.567398086,1.902902791,2.579221267,2.657744717,2.899843287,3.360550296,3.408613657,4.210085851,4.24450216,4.391408016,4.63967368,4.114523175,4.693848425,3.804825805,3.207597187,1.460504143,0.116572966,0.074136611,-1.271398797,-1.222449897,-1.10046295,-2.091187872,-1.983267536,-0.995063219,0.047516986,Congressing
61,4.357628838,4.310661863,5.215608579,5.220701481,5.18150241,5.535213363,5.706777311,5.657273352,6.407806333,6.774659275,6.978099711,6.89934868,6.942204379,6.985384833,8.191376217,6.956142943,8.00392436,8.955892762,9.95178231,10.62926311,8.032817207,3.533133452,-0.34601926,-0.556629136,-1.623759594,-0.589544507,-0.6177561,-1.435978337,-1.718171313,-1.112442589,-2.024402428,Retracing
62,3.914228467,3.837422027,3.794136785,4.157977585,3.843001588,3.762096696,4.25193905,4.456597703,4.354104578,4.093070345,3.940726541,3.818163439,3.822548192,3.720603889,2.091028959,2.237934815,1.871796699,0.457495408,1.452536923,3.444939032,2.83269345,1.58794602,0.693490383,0.031511775,-0.9601045,-1.586822268,-1.134809538,-0.74470556,1.110009839,2.013621316,2.838708416,Congressing
63,1.637389343,1.838890355,3.183100221,3.343603416,3.96069222,4.107063735,3.730925197,3.703710364,3.879525919,3.937166218,5.529037004,5.632070339,6.245563437,6.59470172,6.010034627,6.136799433,7.013137445,6.847826159,5.566665848,4.238959579,2.90199243,3.309993797,1.776232106,1.562662646,1.714520725,0.68606694,-0.527055706,0.955289173,1.57651458,1.49568353,3.364643193,Congressing
64,4.455905658,4.366021087,4.038665334,4.084949714,3.647911637,4.762255137,4.743068059,4.89210085,4.75850263,4.846936274,4.304214072,4.565683469,3.626497164,3.277358882,3.551773732,3.585676037,3.870322694,4.189112349,5.475667448,9.217653508,9.053501514,9.708778878,5.491154232,7.306503047,8.562321311,1.578940257,0.679052607,1.567661044,2.169806909,2.185995191,2.956099985,Retracing
65,2.910072519,2.916330667,2.592638416,2.566319777,1.413596304,1.96193451,1.946417792,1.903738129,1.170047695,-0.380321796,-1.304775699,-2.243437763,-2.25336715,-2.255110636,-2.214018844,-2.365324689,-2.013924527,-0.923250223,-0.569705974,0.471709184,3.432309893,4.711656372,1.98457915,1.736314905,1.462236253,1.774224755,2.294269483,2.860301652,3.612958738,4.191079602,2.338794494,Quasi-static
66,3.065963359,2.950864078,2.970710114,2.913530152,3.098005025,4.370792779,3.287423535,3.665049841,2.909067341,2.440217474,2.522539907,1.827775672,1.901001063,0.559798498,0.363120258,0.49278577,-0.06415374,0.507670313,0.355643327,3.591188678,3.649365403,3.910117642,4.956688465,5.134355608,2.377309606,1.715935482,1.871036817,3.509625295,4.209021812,3.907794116,4.838349365,Quasi-static
67,1.874849034,1.878075716,2.235092364,2.152930152,2.24547704,1.619677883,1.306646822,1.181493023,0.82193646,0.588930336,0.26262246,0.577275722,0.412894735,-0.490036419,-0.525124197,-0.382916471,-0.786207994,-1.524312019,-1.005805629,3.011634139,3.645032882,4.086545111,5.116533347,5.084524709,3.560731663,2.391430758,2.557544724,3.613596566,2.536207835,2.392657471,1.282862163,Quasi-static
68,2.867515997,2.984735267,3.305163768,3.308936142,3.16424394,2.819299059,2.555697941,2.528483107,2.397104983,2.230753973,2.105482667,0.917632668,1.041527814,2.383856122,2.227364884,3.306704612,3.002835165,2.479402909,4.229600044,3.902731952,3.667910529,3.536995687,2.879102385,2.832991049,-0.134394293,-0.193251802,0.012654119,-0.956220534,-1.721094994,-1.452024145,-0.887221531,Quasi-static
69,6.238760582,5.946564047,6.005301376,5.37433946,6.429281515,6.774226396,6.581702269,6.556252719,6.538668272,6.667709997,6.401804485,6.367858087,6.207123857,6.023647664,5.054572599,3.897527656,3.7488602,4.797399266,5.769679124,4.437217267,8.573861207,13.08769791,13.05222147,12.12499612,12.37528543,13.59853902,13.57383651,11.64090302,8.466905307,3.501952113,-0.658488631,Retracing
70,3.560468397,3.433886124,4.677833329,4.582693192,4.367899085,4.686032633,4.52268552,4.894663007,4.844962237,5.259370712,5.325592968,5.222559633,5.098664487,4.596401643,4.334105146,3.445515826,2.97108873,2.422976148,-1.988102669,3.282021834,1.790673787,0.390017309,1.148713602,0.832663539,-0.802661418,-3.735135348,-3.030461288,0.816484944,0.228529343,-0.698064898,0.669190326,Retracing
71,4.478426886,4.449556929,4.632639734,4.502125349,4.812770047,6.120194319,6.033421903,7.375437484,7.638369749,7.203803271,8.138852866,8.488843034,8.430027351,8.683069876,8.842375884,8.931048852,9.649397459,9.697119569,9.368693963,7.015957516,4.047232819,3.916317977,8.08223516,10.62198568,9.557019308,4.986364716,1.544906302,1.353745968,0.488784017,0.693625184,-0.714616173,Retracing
72,3.625970552,3.42704164,6.481051451,6.748796647,7.617053222,7.843824219,6.708464301,7.87437298,7.615299543,7.354265311,8.429050036,8.596638077,8.941269099,8.119244388,7.838861288,9.075341712,8.474334813,8.320707681,7.185232739,6.040361097,3.263558269,4.953578978,4.7174659,5.573130347,4.06121355,1.310144554,-1.37507909,-0.073934786,-0.047412267,0.381273691,0.908668805,Retracing
73,1.18562071,1.006585102,1.13315345,2.706786035,4.127662267,3.883682869,4.296821312,4.317875238,4.120434543,4.10426637,3.231584319,1.946732814,2.65999566,3.414033146,3.505115384,5.052246957,4.476420966,5.467601383,5.236144865,3.946605451,3.626952362,2.227714899,0.723386714,0.194658394,-0.28383274,0.56865735,-0.024140995,-1.280631683,-0.870441515,-0.313452379,0.263771655,Congressing
74,5.317881398,5.516810311,6.053783902,6.618744852,5.979055122,6.19372186,6.106949444,6.079734611,6.129157176,6.345919866,5.885476346,5.741606169,5.865501315,5.840335549,5.854388297,6.651545518,6.412799836,6.072639121,1.601354606,4.051965888,2.025122551,1.047436127,-1.586601326,-1.573986099,-1.897816349,-2.151253052,-2.098700147,-5.567584051,-1.754982493,-1.301931657,-0.341829121,Congressing
75,7.89573784,8.05674015,8.294091725,8.416164508,7.826477034,7.938060358,8.008485836,7.690166018,8.076578643,8.241602347,7.781158827,8.120650312,7.948151685,7.961155278,7.95874352,7.811837664,7.64652343,6.917872495,8.1403885,6.850235026,4.295411502,3.280540721,1.232130025,1.564746846,2.125800095,1.820634558,0.929679106,2.226768638,0.851775605,0.104557924,-0.942855666,Congressing
76,4.249597445,2.007829443,2.989385771,2.704224738,2.827200982,2.391670161,2.795350543,2.664410493,2.80112907,2.928255087,2.204635696,2.02536943,2.01120471,2.292209667,2.183665714,0.954333937,0.901746858,2.836826234,2.216735141,8.439494525,11.5335995,10.9104362,3.055110369,0.927336364,1.650609964,1.407358263,0.119123637,0.512919923,-0.862073111,-1.485737418,-2.278665341,Retracing
77,-0.729196592,-0.720076485,-1.466068127,-0.903418365,-1.117758307,-0.649767454,-0.884920445,-0.843511307,-1.035137643,-0.436070833,0.759392549,1.69528584,2.401564423,3.430958856,3.763858492,4.737740916,4.796933447,5.650452092,4.514489518,1.756803523,-0.585625864,-1.001768278,1.639689685,1.303502235,2.218979699,2.605910413,-0.94062187,-3.274738664,-4.293551976,-2.357335722,-2.169791825,Congressing
78,-1.298022172,-1.099093259,-0.658186296,-0.768525656,-0.448605131,-0.051322618,1.542408943,1.677952265,0.768962655,0.831870109,1.012478527,1.271877923,1.425914902,1.775053184,1.862448744,1.56493864,1.684065088,1.573770631,1.369726764,-2.352078185,-2.271418452,-2.250741509,-1.702374622,-0.572461087,1.64798062,1.775363688,2.355212865,1.665216166,1.080821249,2.420589685,1.396305468,Quasi-static
79,2.4848981,2.659540229,2.180206133,2.750196998,3.626650262,5.022953049,5.073043091,5.045828257,5.932077458,6.19311169,5.523247969,5.626281304,5.573326755,5.922465037,5.584157401,5.547132233,5.379287515,8.044094631,9.878570144,8.28131069,9.734089846,8.911617927,5.412198934,3.038632126,3.136517857,1.863814776,1.559425057,0.67081662,0.27039103,0.022348416,-0.546904576,Retracing
80,3.453446823,-1.119234305,-1.288398417,-0.579369835,-0.115961563,-0.77374518,-1.504895794,-1.33652436,-0.201122546,1.055692705,0.847744026,1.395482689,3.234714693,2.389548367,1.479785452,0.07997121,-1.55972891,-1.326561772,-3.553345257,3.647817431,1.266387325,-0.381745175,0.108234321,-2.176132869,-0.279769169,2.047572816,0.893628217,0.769212963,0.736412822,0.190463259,1.020321263,Quasi-static
81,4.502895026,3.830135093,3.674536639,5.618055969,6.774672694,6.217501146,9.192406921,9.360778356,10.40308986,10.33730144,9.267036879,8.73052473,11.80510535,13.32964525,11.60737428,10.62324258,8.727834829,9.187071465,6.7478503,3.251128003,6.553843544,10.17540749,13.68462457,12.02494348,7.468950105,6.355737323,6.087310708,2.958455101,2.221377705,2.479401909,1.618443439,Retracing
82,-1.309766937,-0.121524275,-0.290688387,0.418340195,1.962496123,1.70437522,2.907804194,1.637479238,4.541342387,4.385414148,3.764198972,3.902819191,5.458758047,6.378319046,5.690305987,5.254130872,5.318776246,5.597035598,3.370252113,3.664240324,0.658510233,-1.917035572,-6.491757891,-8.776125081,-0.143570319,-1.295736056,-2.436267709,-2.143776336,2.515881012,1.725595476,0.719603118,Congressing
83,2.071016651,2.067730175,2.693429329,3.40245791,4.297133849,4.196413567,4.967305175,5.081756413,6.171922707,5.29776512,3.665471301,3.68534748,3.907711083,3.800808454,4.122054472,5.226380632,5.291026006,5.798238241,5.016382752,1.935957585,-0.119906515,0.237938773,-0.572223443,-1.765879491,0.166859959,-0.783487883,-1.189831986,-1.108767448,-1.335671787,1.239817116,1.171673507,Congressing
84,11.21159216,9.291338703,9.122174591,7.960513743,6.387129565,6.956743126,5.201787928,6.302427881,6.128571562,6.579949198,7.976595767,9.037402608,7.990049568,7.968698059,8.104297397,10.32260102,9.585679759,7.566605106,5.339821621,2.119109263,0.021979848,-1.626152651,-2.461775655,-2.174579461,-3.601985457,-2.28246064,-2.781877497,-2.457687853,-3.094325643,-3.165417256,-0.396128716,Congressing
85,6.604079962,0.409456243,0.578620355,1.23538977,-3.607446051,-3.425549652,-2.736573058,-3.063025574,-3.452329085,-3.433176066,-4.519554984,-4.752396622,-4.370567308,-9.378088746,-8.424965825,-7.16800349,-5.846349463,-5.063822871,-2.837039386,4.056971324,9.657415055,6.029000394,-0.268313127,0.092215022,1.602473166,9.994934443,13.73695196,13.0732843,13.10901317,11.84733914,-0.424639393,Retracing
86,-4.417834149,-4.279388092,-4.448552204,-3.739523622,-6.054609493,-6.236505893,-6.621817215,-5.930542785,-5.424218496,-6.260720058,-4.368245686,-6.444147272,-4.923598116,-6.585476185,-5.468098881,-5.816294266,-3.974105456,-2.939993385,-5.392623026,-0.810784443,3.282813137,-2.742609568,-3.285459315,-2.875407099,1.163307121,6.451256702,11.05073077,12.17074301,15.65873139,14.43916006,4.849882569,Retracing
87,-5.038585121,-3.76041561,-3.591251498,-2.787619614,-0.781552675,-0.599656276,0.29648148,1.057046006,0.190347443,1.773787662,0.97806141,2.351714129,1.415960646,1.833562001,2.651104738,3.289270393,3.224625019,1.398937511,-0.338364622,2.029611541,1.468026697,-2.845111609,-1.976833871,-0.626808233,-3.974256393,-1.858690394,-1.657342396,-1.647280235,-0.172632104,-0.38967817,2.118189583,Quasi-static
88,4.354810911,4.665172395,4.834336507,2.868965977,2.184975759,1.878569487,0.439118953,0.114913475,-0.927398034,-0.607011792,0.55665367,-0.290705459,-0.5952553,0.026233311,0.857563904,0.902587757,0.837942383,1.682201707,2.115837876,-0.69318828,-3.315633402,-0.641454159,2.073762726,0.181413257,0.476340443,0.608321754,0.865664818,0.885684924,0.985860643,2.630516465,3.240557343,Quasi-static
89,-0.181169384,-0.18445586,-0.765314191,1.165853222,2.849700177,2.267072414,2.931734989,3.755834662,4.79814617,5.077034894,3.596250344,3.072898004,3.377447845,2.532884695,6.157704293,6.059858517,4.136524759,1.501546217,-0.942814896,-0.886663439,2.394758971,0.746626472,-2.141634303,-1.721398904,-0.513067983,0.390497368,-0.960583705,-0.316837811,-0.940548551,-1.444386867,-1.451823258,Congressing
90,2.190493128,2.193779605,2.362943717,1.760036727,0.123106703,0.710223307,-3.34961838,-3.368280571,-3.485780555,-3.290609204,-1.796633526,-2.565319565,-0.257497053,0.587669274,2.188810586,0.8307517,0.236198373,1.520073051,3.746856535,3.474816085,1.896832649,3.007066572,2.195786748,2.107798677,0.829533167,-0.53786433,-0.217093757,-0.052405091,0.123191654,1.018856834,0.712974431,Quasi-static
91,-0.12643044,0.462136436,1.245917024,1.954945606,2.815650887,3.661458156,4.476109986,3.854214913,4.896526421,6.963898114,7.420558547,6.82837319,5.418483218,5.782882479,6.279569406,6.479420112,6.754906444,3.683019799,3.680969146,4.687333842,1.909961959,0.662426168,0.472721523,-0.439953225,-1.867359221,-0.236011818,0.273556298,0.310209651,-0.984427988,-1.051462604,-1.229749368,Congressing
92,7.255566874,1.944532541,2.113696653,1.765621606,0.442369152,0.624265551,1.36135109,0.696796264,1.711077125,1.4635361,3.045529337,3.166428114,3.948334327,4.793500654,5.302230698,7.246374306,5.739803054,4.211947422,6.295357518,5.633063906,7.104155943,-0.386298779,1.661982162,0.736613353,4.04017753,-0.844465347,0.506615726,-0.474210919,-0.67953818,0.799828258,1.331600719,Congressing
93,5.18226642,4.418956199,3.905700262,2.662232636,3.674579606,3.856476006,4.257884447,4.685330699,4.535026544,4.083648908,5.100385129,5.485359761,4.46870401,5.313870337,4.992624318,5.997200922,6.538622129,7.596097881,7.03821784,4.93703479,0.046316543,1.390066055,0.322780574,-4.082657448,-4.686933262,-4.128169522,-3.194327506,-1.779865292,-1.805982234,-1.212402022,-1.150928137,Congressing
94,5.247515006,6.057169185,6.552578035,3.971933662,5.128550388,4.946653988,3.774320759,4.463082017,3.854446339,3.451518621,4.332424409,4.467873368,2.500330954,3.377490655,3.831953606,1.724970693,0.846881905,0.397388706,7.687354509,10.12830764,11.27767382,12.32371605,12.46413311,11.21160618,1.521256278,-3.363625817,-1.964808956,-0.490144646,-0.426393367,1.342949689,0.801098352,Retracing
95,7.274076208,6.779525739,5.251475607,6.862527015,9.232301847,8.174674564,5.081320177,1.978885595,2.117469095,1.66609146,0.661605407,1.298119259,2.255769529,2.034559226,1.713313208,0.355254322,0.290608948,1.593419507,2.933203891,2.157538588,1.473695357,2.153173741,0.616303792,2.900670982,3.557777761,4.037904139,5.028069579,4.381671601,2.040986488,2.025578093,1.762259897,Quasi-static
96,7.372336732,8.369681284,8.538845396,7.829816814,9.903488323,10.08538472,10.75112728,10.58275585,11.09360261,10.64222498,9.344274636,9.889111445,7.820373223,10.27598879,8.231331638,6.873272752,6.808627378,6.4900187,5.700681698,5.46140967,9.208512865,11.66627599,9.656779901,6.898022088,5.923940839,4.968509914,-3.066414579,-2.863146859,-2.424310505,-1.634024969,-1.848114161,Retracing
97,-6.317898418,-4.619584094,-5.114249308,-0.374598755,2.044615835,1.064445234,4.139846937,5.729767656,8.696184029,7.73188201,6.949195935,8.176922311,7.565600508,8.484965367,6.527849109,5.009594709,3.511176992,0.424454924,-0.934289774,-1.178480367,-4.591452241,-6.310001529,-3.267129843,-3.651913553,-3.495523398,-6.025176452,-3.234489209,-2.913925483,0.820135646,-0.19464161,0.799781952,Congressing
98,-2.726634212,-0.80711619,1.036481666,0.738638302,4.869601822,5.241957437,7.382015621,9.124842539,11.12886442,12.29204196,11.52885116,9.064240468,8.759690627,8.322986457,8.084067569,6.974649936,7.50109146,4.704491855,-4.243264213,-1.205920933,2.674718605,4.298627484,0.502064562,-1.261117034,-0.172751008,0.538896461,-0.191019335,-0.425493481,0.69414053,-1.377510776,-0.852994945,Congressing
99,-5.699247728,-3.590081051,-3.420916939,-2.387803627,-4.041277696,-4.670823837,-2.298197607,-0.350525604,3.561640814,4.565438165,4.653666389,2.853100146,7.757889427,6.679554144,9.681016072,9.643328061,6.285449308,4.906530289,2.476649899,3.063589883,1.623434254,-0.882772166,0.259679296,0.012836419,-0.186157532,0.529541328,0.395240832,1.507093167,1.660170485,2.24225954,1.414633615,Congressing
100,,,,,,,-2.694613517,-1.194145621,-1.352660569,2.096841088,3.225744655,4.029187184,4.565322229,4.831113275,7.680574502,8.241766896,7.930007933,8.015784603,-14.4655163,-14.99938841,-2.223658833,-1.107809105,-0.481140681,0.429459203,0.543575838,1.337973122,0.040421324,-0.171867263,,,,Retracing
101,,,,,,,3.221271445,4.279385473,4.842191682,4.639628379,4.756718876,5.133374259,4.269294825,5.034379361,5.86947096,3.622285143,4.23923631,0.901380317,11.27871151,10.1996788,1.817559998,1.525218941,2.426413802,4.009140805,2.690314386,3.018848326,1.540168552,0.575835935,,,,Retracing
102,,,,,,,1.683297492,3.391216964,5.228303802,2.782079933,1.994549983,0.730844042,-1.708162243,-0.95935003,0.112561737,3.087531917,7.105190534,7.677786626,2.959525822,0.02154484,0.048655918,0.24793943,-2.560622008,-0.605500883,-0.719617518,0.297873939,-1.574943134,-0.211307589,,,,Retracing
103,,,,,,,0.138877408,-0.975012411,0.101427564,-0.801001457,-1.197718032,-0.34073611,3.876918139,4.867481645,5.27434134,5.79292635,5.611605211,5.476304685,0.055319011,-0.53590912,-2.381833243,-1.537824728,-1.338328374,-1.964275345,0.995689698,-0.846555673,0.221638707,1.034963951,,,,Congressing
104,,,,,,,4.036376872,7.150321849,9.253823368,8.849323946,9.577474931,9.640917737,8.289191237,10.27870804,6.874311888,8.293458848,6.597185259,6.428526094,3.263423381,3.423600505,-1.672453915,-1.391412939,-1.990423272,-0.086115797,0.433766052,-2.515429891,-2.253809157,1.61127836,,,,Congressing
105,,,,,,,0.047867931,1.996892571,1.691155351,5.373441448,4.97238207,5.420512117,5.00510958,0.804448235,0.429645893,-1.987330658,-2.836346844,-3.669692437,9.398604982,5.801504646,3.015021772,0.51378147,2.270976103,7.402124202,6.784966794,0.238943972,1.33031747,0.22488133,,,,Retracing
106,,,,,,,-1.896617504,-2.897793554,-3.056308501,-0.741806175,0.006354222,-1.692129653,-1.57572035,-0.118889456,0.876624158,2.829601615,2.845574423,0.35649202,3.499995151,3.874547766,2.379163629,-0.737270047,-3.134745169,-3.117226687,-3.948613583,-2.140260629,-0.843417256,-2.309268922,,,,Quasi-static
107,,,,,,,0.444566242,-0.91869139,-1.077206337,1.744224888,1.539766397,0.47539402,-1.615391193,-0.71577135,2.413397943,3.848078699,3.849719613,3.681060448,2.707664185,4.468538354,4.441427275,6.858857711,3.683481706,9.424218318,4.045269774,3.873256111,0.361493525,1.466929665,,,,Quasi-static
108,,,,,,,1.964271276,0.61158066,2.540410942,2.505549655,2.328023464,2.673608189,2.790017492,2.295305247,3.669703447,3.260582107,5.582812501,5.414153336,-0.184033323,-0.0238562,2.19186639,1.648865192,4.065538111,4.761979873,2.116374185,3.416053152,0.991151807,0.081492178,,,,Quasi-static
109,,,,,,,4.406003807,6.803974547,8.912684923,10.31003069,10.614344,8.647507244,7.380836546,6.734183619,4.74611903,4.444071905,4.654113185,3.010548489,-1.329428257,0.055257808,0.082368887,-0.101360892,-0.66259428,0.231735638,0.117619003,1.849464453,0.781270074,0.459454465,,,,Congressing
110,,,,,,,3.258923629,3.753052784,3.911567731,6.615451704,6.575978481,6.650922737,5.84350968,6.315283861,4.361083494,5.350644533,1.138088038,-0.063201414,0.134267514,-0.025149677,0.001961401,-0.279079575,-0.800822733,0.226971871,0.112855237,0.68750995,-0.380684429,0.081890896,,,,Congressing
111,,,,,,,-0.506753629,-1.620643447,-3.294068218,-1.203986575,-1.622166858,-2.160252531,-0.888760283,-1.334186279,0.727920842,1.552208595,0.15399495,1.453829325,2.562067329,1.317579368,-0.039662387,-1.78974286,-1.731229334,0.156613279,0.270729914,-0.205751434,-0.121272856,0.328161292,,,,Quasi-static
112,,,,,,,0.452130691,-0.845067567,-1.003582514,0.041332993,1.01087616,1.265431703,1.419147802,0.74124878,1.300281951,1.766880432,1.606196497,-1.680583895,3.314332757,1.029011949,1.001900871,1.282941846,1.91843104,0.461201648,-0.148488562,1.024593413,0.072582893,0.244757846,,,,Quasi-static
113,,,,,,,1.913511256,1.477988933,0.875174747,-0.71775979,1.326846596,2.934991793,3.051401096,6.112061951,7.463993827,5.696343892,4.184531582,0.423175879,-0.794670809,-4.014901307,-0.354473503,-1.378707967,-0.893266731,-2.475993734,-2.285597067,-1.486960146,-0.376255073,-0.001635291,,,,Congressing
114,,,,,,,3.590182375,6.600095235,8.104153892,7.209671406,5.826397019,6.080952561,4.630082496,2.529068478,-3.124419417,-1.662970571,-4.515121838,-4.556022149,3.210751759,2.41457907,2.387467991,-2.056161045,-1.534417886,-3.11714489,-0.814526814,-0.814024027,1.598504184,0.65609636,,,,Congressing
115,,,,,,,1.64855486,5.269974277,6.433558617,5.884824286,5.378147594,5.632703136,3.532677745,-0.064073781,-9.384025464,-10.23605213,-3.697302826,-2.742458896,6.99236404,7.517345966,4.491794585,1.947774677,0.388656801,1.963611108,2.675343413,-0.81193942,1.019693655,-2.355074028,,,,Retracing
116,,,,,,,0.001897623,0.464342957,0.655895489,2.197486598,4.479849523,7.272561684,8.596007816,9.851205604,6.638945137,5.632736234,5.617973807,2.536833088,-3.377945054,-3.538122178,-0.092378024,-0.373419,0.854731008,-0.517377232,-3.050172547,-0.121195438,0.475843161,0.31269784,,,,Congressing
117,,,,,,,0.200018618,-1.956650304,-1.256505565,-1.945770471,-0.41640518,-0.509930354,2.505611515,1.366669811,0.878980119,5.541675076,13.33182959,14.51568278,-1.965690886,-2.760472495,2.994731474,-1.585105121,-4.282207632,-4.222983029,-1.914184754,-0.51609555,-0.935467703,-0.639753759,,,,Retracing
118,,,,,,,1.479425756,2.784106952,3.796581857,5.032538647,5.861510868,6.541874562,6.862761373,6.87828973,5.364592669,8.447687334,2.781407207,3.074553361,-0.14497397,-0.704758881,1.355962559,1.074921583,0.553178424,-1.317494636,-1.744276144,-2.538673428,0.33954998,0.121008636,,,,Congressing
119,,,,,,,5.208219971,8.857714981,10.25715228,10.13767266,11.43918248,11.34759826,10.68008268,6.603043644,4.62869402,4.75647675,5.88228852,5.713629356,6.79137448,4.578334921,-0.997654876,-0.7166139,-1.153503528,-1.229710241,-1.60601839,2.085721646,0.865322219,0.338873607,,,,Congressing
120,2.802201808,3.47422937,4.337418815,5.119585148,5.875989582,7.009625941,7.846178098,9.281864201,10.21537687,10.49730801,10.69212054,10.62514087,10.14705003,9.316059568,8.722760259,8.620168466,8.114876248,7.593218899,4.143407867,-0.999858957,-2.214272527,-0.214830216,2.186934585,3.033584463,1.299933809,1.107917242,1.235980864,1.086239591,1.991893108,2.547146813,2.671465483,Congressing
121,1.709141357,2.040889936,1.546480713,0.983600534,0.854203272,1.178883466,2.283386487,2.919719349,4.381020444,4.993602492,4.925028967,3.916531947,3.387575828,3.145333882,4.180515727,4.103321024,5.639967695,3.91635512,-0.209280074,-0.382648748,0.446347758,0.720014922,0.564354015,-0.213470049,-0.51678359,-0.891028998,-1.166062092,-1.315803365,-0.84445993,0.374791058,0.263188158,Congressing
122,-0.925276987,-1.805839377,-2.793775614,-2.562536872,-4.052775259,-4.941794579,-5.46167788,-5.288941898,-4.367600679,-3.543630074,-1.841904781,-0.59308412,0.200687385,1.321613022,2.169219964,3.293559072,4.646478724,5.932978536,4.535120225,5.884469529,4.802451616,4.04609557,3.429014636,2.152410469,2.550490149,2.258056739,1.983023645,1.833282372,0.43855962,0.091120653,1.899487632,Retracing
123,3.564359712,4.406485847,5.202565798,4.707830011,5.085545832,5.818085114,5.730774751,5.173893864,3.948714883,2.473086208,1.754753827,1.745392523,2.14945642,2.358754975,2.68142897,3.048482143,2.543189925,3.287850781,3.63982839,3.632132113,2.138188381,1.6559759,1.500314992,1.947627432,2.089131945,2.102091465,1.002209381,-0.007397734,1.811775894,-0.042623004,0.0408361,Congressing
124,-0.005232185,-0.133469711,-0.247768835,-0.76147256,0.401357464,-0.019692454,-0.299534252,-0.602777183,-0.913029921,-0.36550282,-0.300345827,-0.445073963,-0.998646605,-0.556653764,0.324066059,0.006488121,0.51178034,-0.165851486,0.741184001,0.771586621,1.242918886,1.091700982,1.247361889,1.838373878,1.308797036,0.182245185,0.457278279,2.235731242,1.113876268,1.461315236,1.659453955,Quasi-static
125,-1.478695125,-0.566531173,0.082874257,0.307606451,1.163188014,2.211412793,2.563682746,3.14140863,3.82247926,4.604007473,4.267957939,4.054291944,3.650228047,3.657703597,3.28777372,3.429242033,2.392375253,3.418119792,3.834199798,2.450707969,0.308700823,-0.927094562,-0.771433655,-1.416573362,-1.851868276,-1.615916942,-1.340883849,-1.191142576,-0.906982136,-0.559543168,-1.020872477,Congressing
126,1.450129689,0.888530004,1.878160582,2.303104542,3.386772215,5.155275917,5.627933099,6.61534919,6.62495573,6.010898493,4.645481349,3.937511086,3.345117077,2.283048139,1.402328317,1.073374951,0.581286381,1.262468264,1.591575589,2.016143686,1.631619653,2.164018082,2.008357175,1.872029641,2.880106748,3.27031721,3.230763749,3.081022477,2.799800099,2.174012487,1.553639184,Congressing
127,-0.587685184,-0.810643501,-0.805649751,-0.617892211,0.15563632,1.862871796,3.26249538,5.664731122,6.668818758,7.032080878,7.378405961,6.899595183,5.337585685,4.185896253,1.672403056,0.252222452,-0.185388686,-0.08372735,1.495479566,1.503175842,-0.215685854,-0.940927315,-0.785266408,-0.528652385,-0.923762383,-1.038452312,-0.697796217,-0.548054944,-1.594869285,-0.204052023,0.425050356,Congressing
128,1.172266654,1.932399149,2.242136954,3.564740978,4.17176087,4.92123805,4.748383479,4.99161262,5.266823313,4.566041522,4.576448631,3.790030324,4.159145334,3.911608014,3.663346186,3.528145238,3.629602451,3.77804942,4.073025083,3.128892355,3.219809515,1.654386887,1.810047794,2.401059783,1.690066228,1.47983697,1.877119737,1.401093006,1.545223565,0.62538525,-0.532061066,Congressing
129,0.829473329,0.290168827,1.091562161,1.305184248,3.816054968,4.687324271,4.949367382,5.463434452,4.350399873,3.160244104,2.705855135,1.737398394,-0.129034015,-1.726886016,-2.694929827,-3.023883192,-1.655269945,-1.62131141,-1.046793096,-1.054489373,0.135664597,0.115883257,1.242616466,0.691926856,0.104558207,0.426480958,0.151447864,0.001706591,-0.886558248,-0.376576485,0.270933654,Quasi-static
130,1.488638339,1.393170132,2.681614807,1.43934787,1.899171451,2.535507257,2.610299988,1.842182017,0.940229247,0.057154298,0.280004956,0.226670111,1.068304514,0.465572134,-0.518987996,-1.602602384,-1.219966836,-1.90114872,-2.253126329,-1.189607154,-1.229834548,-0.688805475,-0.533144568,0.057867421,-0.13615305,-1.466228801,-1.191195707,-0.043699687,-0.264659775,0.082779193,1.033428655,Quasi-static
131,1.747705148,1.719597205,0.929572162,1.096923208,2.259753232,2.981821466,3.067858579,2.9900962,2.305263565,1.26502906,1.366789122,0.688704332,-0.049771127,-0.575744021,-1.359980107,-1.811742785,-0.024272234,-0.705454118,-1.057431727,-0.163915643,-0.230990963,0.257429195,0.413090102,1.004102091,0.158582325,-0.061944675,0.213088419,-0.000693445,1.089895542,-0.070533063,0.024208751,Quasi-static
132,2.47971611,2.815363904,2.411586569,2.592103827,3.793419097,5.220663032,5.16308963,5.615492716,6.311267317,6.6253101,6.975072858,6.748979564,6.789349578,6.512905198,6.306362291,5.938449386,3.606098752,-1.803894406,0.223045893,0.867504454,1.210257423,1.361475327,1.20581442,0.614802431,-0.15867436,0.297078929,0.022045835,0.268078749,0.074294874,-0.273144093,0.1281256,Congressing
133,-3.180729392,1.776564666,2.088651177,2.513688884,3.602254721,5.233780238,5.832909289,6.893217519,6.856429308,7.238164349,6.788641449,6.685525948,6.724846815,5.921075719,4.534767731,3.158986665,2.958437334,3.9054707,4.257448309,5.500868163,7.550971634,8.847648821,8.140691944,6.659033726,3.458119728,1.622032152,1.259651232,1.10990996,0.214047513,-0.221997412,-0.254975795,Retracing
134,1.268665091,1.151662022,0.487536619,0.257535289,-0.90268675,-0.888153509,-1.113710122,-1.248523426,-1.186331588,-1.276880675,-0.906653452,-0.122874435,0.170146531,0.783950163,1.771258928,3.355997434,2.856574367,0.127812462,-2.938231809,-1.541465309,1.37920744,4.480101486,4.189876384,2.241344402,1.843264722,1.100828168,-0.331133416,-0.836900919,-0.759085913,-1.91007065,-2.865733776,Retracing
135,0.867331364,2.943969159,3.14668403,2.725512351,2.474808237,2.79065598,2.730733231,2.957321281,3.604757636,4.079973333,3.902142133,4.104714629,4.421433487,3.52535107,3.069491641,3.112616858,3.254794482,3.969397491,1.550627486,0.832109534,2.017020453,2.84786814,3.003529047,3.594541036,3.073130338,2.718563817,0.867307452,-0.306097924,0.23566715,0.583106118,0.756892152,Quasi-static
136,-0.040176109,0.660910092,0.349883327,0.177175908,-0.244480027,-0.93344228,-1.377790399,-0.792839194,-1.24472698,-1.582236792,-1.760067992,-1.955953979,-1.545903678,-0.562335996,1.507775179,2.055367078,2.30510224,1.56930251,1.244676667,-0.330400784,-0.129723753,0.713440665,1.059062726,1.650074715,0.201326946,-0.199215046,-0.278301586,0.104987589,0.400646282,-0.126075547,1.066271066,Quasi-static
137,0.844169398,1.555326099,2.021898188,2.469982104,2.974224233,3.252625226,3.314064277,3.284798037,3.627882592,4.020079608,3.842248409,4.11502242,3.544524809,3.640866704,2.629566894,1.973077867,1.408332577,3.138292754,4.740510496,5.710263148,7.008990832,8.179801766,5.146208325,1.944048483,1.545968803,1.224046053,1.499079146,1.263533002,0.516161021,0.863599989,1.061738708,Retracing
138,4.241843326,3.943871469,3.999159036,4.824509208,4.946887322,5.27777417,5.305296501,5.287232449,5.523961018,4.932541326,3.99802924,4.352085908,4.513538456,4.433726876,4.878202111,5.207155476,5.135403387,4.181922397,2.452620878,1.682465328,0.626891418,0.475673514,2.321021016,1.799422936,2.21566818,3.615285203,3.425466923,1.849753175,1.890196496,2.057432049,3.027478961,Congressing
139,-0.789815092,0.096132235,0.874709406,1.478591728,3.061844064,5.369224905,7.160181449,9.158786842,9.904436847,10.12269647,10.00009023,9.096183734,8.344463672,6.221963458,6.377537762,6.706491128,6.370727774,5.146421333,3.250818993,2.610308959,1.703924284,1.55270638,3.177745578,2.17233597,2.581861765,4.253898076,3.219031298,2.128530121,2.333283716,1.469386634,1.936844732,Congressing
140,-3.85331826,-3.967418904,-3.359394128,-2.155566687,-1.725222749,-1.164485038,0.215306552,0.290811295,1.728002095,2.825425021,2.860725938,2.332304943,1.486918241,0.476859149,1.581479004,2.122203382,2.101229917,1.409750726,1.394780341,0.662954833,0.845852043,0.579279942,0.453822267,3.984492744,5.991989202,4.772723249,3.632025371,1.427275352,1.770285058,0.851330037,1.691572833,Retracing
141,5.493174911,4.763222277,4.841708095,5.805036938,5.891821954,5.441013868,5.658449537,5.152212085,5.053180865,5.086343379,3.725796175,2.877611759,3.223439699,2.283073483,2.554574042,2.407832872,1.494082787,0.270911426,0.513565108,0.311408614,0.974977895,0.95986387,-0.99644231,-2.407240199,1.954093402,0.152652378,3.117762747,3.805776522,1.173646849,-0.448385833,-1.019129049,Congressing
142,4.616965688,2.525362353,2.007414778,2.310132282,3.802482818,3.389249628,2.937660866,3.013165608,2.42362774,1.463286637,2.161959543,2.117865623,2.639288775,2.693453115,2.391037878,2.244296708,1.321182157,1.549206526,-0.162848318,-1.253180194,-2.200721556,-0.932597045,-0.597645324,-2.008443213,-4.288684897,-4.247444353,-2.294880837,-1.895351544,-1.552341838,0.758070353,0.885805576,Congressing
143,2.83301532,2.774202567,3.558528307,3.390767552,4.439536465,3.987691497,3.60396793,3.346980199,2.895568652,2.642603705,2.104905642,2.849341955,3.494010012,3.174301068,2.013144305,2.159885475,2.0080348,1.78001043,1.701102681,0.517597249,-0.055659907,-0.930219564,-0.882236918,0.528560971,-0.687735867,-0.728976411,0.447596787,0.048067494,-0.294942212,-4.625970404,-3.802163065,Congressing
144,1.504604419,3.77181502,2.936432245,3.636400034,4.431985066,4.480853584,4.366404912,4.441909655,3.7406213,2.940240869,3.407607351,3.778935109,4.014317701,3.67365108,3.380899273,3.234158104,3.386008779,3.443576814,3.213353615,2.789392784,2.629340108,0.535973709,0.465390113,1.635981876,2.797888772,2.839129315,2.342113623,2.741642916,1.37487144,0.209668728,1.113861253,Congressing
145,7.612341505,7.381849531,7.23699729,6.456404121,6.321147028,6.542718332,7.113130485,6.978426185,6.67853186,7.025842188,6.35641827,5.274347015,4.601267463,4.302385402,5.427121948,4.530937325,3.420048336,2.348380644,-0.463435158,-4.501826359,-4.61896488,-1.881471847,0.640469289,-0.712343545,4.347930904,2.900756819,0.76542238,0.847189885,-0.471237312,-0.047299872,1.240683161,Congressing
146,4.108667191,4.238302836,3.327709729,2.806808179,2.109132877,0.364452017,0.448272385,0.372767642,-0.141356054,0.246118878,0.326456876,-0.21118003,-0.656216009,-1.540362686,-1.602213355,-2.726983793,-2.542998268,-1.603459707,-1.210736956,-0.770641151,-0.789290777,0.531269317,0.27034282,0.579627872,1.629872926,1.588632383,-0.493129573,-0.933634184,1.674389587,2.102851401,2.341908114,Quasi-static
147,-5.131078946,-5.26071459,-4.454504045,-3.933602495,-3.283654836,-1.885379304,-0.92583644,-0.850331697,-0.815412604,-0.357009574,0.713105455,1.876817872,2.456855111,1.722941751,0.952813343,2.67397555,2.616792374,2.835600918,4.764883865,4.691509539,5.181803882,6.280992273,5.17195984,3.761161951,4.220919403,4.262159947,3.901350852,2.043179157,1.72658574,1.464968869,-0.458520473,Retracing
148,8.594946391,8.491756156,8.568891971,8.320312131,8.721293193,8.341492449,8.165963379,8.059652283,7.454026221,6.740281556,5.619975245,5.575881326,6.773987935,6.83251901,6.530103773,6.178687776,6.330538451,5.627962553,5.374592672,4.743963868,5.866036104,5.578476931,2.943035004,1.532237115,1.470961764,1.996044517,1.231802343,3.388113048,3.731122754,2.873074279,3.8919057,Congressing
149,-3.931026929,-2.985920089,-1.248685182,-1.014386314,-0.267520482,0.581350865,0.426051119,0.350546376,1.010424587,2.501099466,3.698613402,3.35425058,3.753530328,2.431742232,2.559532537,2.706273707,2.88498044,3.181359718,3.673791335,3.523068206,3.237344986,2.36278533,-1.646320258,-3.632871803,-3.177701776,-2.405489505,-0.283573892,-1.507705244,-1.85071495,-1.377370467,-2.940541302,Congressing
150,6.208044094,6.55606649,6.104656034,6.005618989,6.097945564,6.263978429,5.856432172,5.780927429,5.651249653,5.651732079,4.952533302,4.955685665,4.862307926,4.862809743,5.165224981,5.31196615,4.922585909,4.399876579,4.356621394,5.078372115,4.657434379,4.261850552,4.021584602,3.191507023,2.738704032,2.697463489,1.404759493,1.087736597,-0.841615877,-3.323153656,-4.533708044,Congressing
151,7.624846995,5.8083798,5.544375886,6.401808413,7.295866256,7.651526147,7.735346515,8.141197791,7.737954874,7.809144762,7.33107647,7.37517039,7.442612496,7.265980882,7.568396119,7.715137289,7.766554699,7.419078446,7.375823261,8.107648768,8.271392243,7.149367248,6.267791326,5.686134174,1.75689259,0.653811747,0.90232273,0.502793436,2.067172164,2.277042522,3.211605558,Congressing
152,5.724037897,5.636173919,5.781688452,6.621309859,7.013288393,6.486272511,6.570092879,6.241747848,6.466373781,5.684000832,5.217297489,5.261391409,5.281819538,5.086796528,4.61854251,5.518804588,5.366953913,5.250016504,5.206761319,5.165964556,4.205036853,3.367315105,2.677656683,1.737155547,3.367614215,2.690796768,3.633169489,3.448413371,2.763994667,3.619782449,1.412537038,Congressing
153,-1.138794053,-0.833602337,-0.247988194,-0.768889743,1.384010551,2.254008482,2.320928446,2.245423704,2.253595876,0.24675419,0.968726112,1.853919775,2.939724936,2.27021813,1.81383664,1.960577809,1.751079287,0.820132286,0.776877101,1.683914052,2.356726251,2.549460117,2.309194168,3.719992056,4.685137164,3.776056708,3.10267042,-0.763122414,-0.205001263,1.064748469,1.00956511,Quasi-static
154,8.061062547,7.741718949,7.596204415,3.794589505,7.334329489,6.944689474,6.55863567,6.292917769,6.067364401,5.5114147,4.694799848,5.246663767,5.19401338,4.814649351,4.512234114,5.077488381,4.443496926,4.671521296,3.307850467,2.12815454,1.180613179,0.658131196,1.921167481,0.692638057,2.687725974,3.325869515,0.768959827,-0.749389251,-0.182781088,-2.028430845,-2.444921933,Congressing
155,2.267891614,2.154982612,2.524868452,2.463662771,2.0649979,2.497504496,3.248774858,3.144834021,3.587450789,3.853315897,3.243877417,2.920023705,2.807840028,2.2392008,2.78497501,2.247010036,2.845173646,3.073198016,3.116453201,3.316645422,2.883079279,4.227405414,1.428360919,0.01756303,-0.594953657,-0.553713114,0.402047704,0.801576997,1.144586703,1.502723679,1.52617757,Congressing
156,7.545950827,7.747506366,7.601991832,8.049270271,7.397063802,7.338413195,7.019168515,6.804567505,6.388391441,6.566956116,6.564759216,6.835995822,6.576770564,6.056313771,6.241270995,6.853192266,6.445428579,6.921956515,6.9652117,7.480295002,7.662637751,7.726656152,8.227396733,9.01112644,9.177104697,6.195085137,3.544294214,0.453796417,-0.297712892,-0.896936112,-1.559162176,Retracing
157,2.936437404,2.954911302,3.227092287,3.721259553,2.269301949,2.410791462,1.239469744,1.152183307,1.056607175,1.398325918,1.345568033,1.454240128,0.932856635,0.956587196,1.134406133,0.755294981,0.907145656,0.784293307,0.827548492,0.095722985,-0.160748063,-0.231837929,1.035961658,1.121290346,1.062308561,1.103549105,0.903344545,-0.687783151,0.334748509,1.388280146,0.456286234,Quasi-static
158,-4.300950178,-5.038660338,-5.545813397,-5.263927867,-4.710199302,-4.429156302,-3.437195941,-3.727562204,-3.723656385,-3.395002892,-3.673756547,-2.768214764,-3.046480658,-3.313710217,-3.01129498,-1.040702524,-1.192553199,-0.285785788,-0.329040973,-2.041727584,-0.516483251,0.731213186,0.361300957,1.391487957,4.478395306,3.374000515,3.510982804,5.292554828,5.712887829,6.749223926,5.008816654,Retracing
159,7.296454753,7.386349161,6.979236977,7.375981113,7.221191237,8.091301835,7.846971603,7.77146686,7.855172578,7.61628731,7.055903205,7.071628058,7.433712037,7.209087623,7.511502861,7.65824403,7.506393355,7.278368986,8.227627141,8.204497542,8.115334725,7.240775068,6.033223713,4.851557896,5.340243726,5.299003183,4.55859975,3.306542695,0.668078603,-0.765491069,1.135172314,Congressing
160,-7.557061099,-8.918457598,-8.752492537,-8.601377891,-8.972335297,-8.632446093,-7.434946426,-7.020630058,-6.047293608,-6.066677641,-5.68217436,-3.832523517,-1.300936935,-0.592971938,-1.375102069,-1.206549326,-1.275132316,-1.148587396,-2.762456627,-2.676608865,-3.353021441,-0.182906439,0.457601658,0.626258671,0.303585628,-4.717964452,3.043996156,3.76022351,4.224026479,4.55573714,3.916293899,Retracing
161,-0.303094403,-1.796412721,0.469837027,-3.45172519,-4.970937404,-6.283260073,-7.147770665,-6.702423597,-6.594890192,-6.952788979,-7.078113835,-7.061035235,-5.903716023,-3.573231764,-3.587454233,-2.509526606,-4.531407401,-3.871925905,-3.821785796,-4.308560636,-3.286674885,0.629607715,2.590991199,3.55672915,4.577690131,6.451633153,8.327262589,3.836374986,4.954018096,5.603883767,6.572570709,Retracing
162,0.234585649,0.402837183,-0.758706913,-1.631927181,-0.842675083,-1.174857641,-1.426729286,-2.371773634,-2.046468885,-2.164929112,-1.466843071,-2.625881727,-4.088754718,-5.247687383,-5.233464913,-5.937446045,-8.115016806,-9.632008563,-9.449689756,-5.024820593,0.989033497,0.509990094,3.773538573,4.70404472,4.561845813,0.882603883,3.8607991,4.697562312,4.107783847,5.526160412,6.165603653,Retracing
163,0.110285901,-0.077658872,2.727940721,4.709846903,5.898969056,6.75470135,8.72034859,9.333416056,8.957539289,8.12285472,7.020908707,7.375265647,7.675886541,6.683562533,6.669340063,5.797402682,5.728819692,5.14141031,0.969963923,-0.765382835,1.206418956,1.685462359,4.432993596,2.542970172,3.249897087,1.838669666,1.994612811,1.412335931,0.146702115,1.391223834,0.751780593,Congressing
164,8.478544727,8.75792357,9.52937539,7.960026985,8.047101652,7.235668964,7.950462705,7.290452873,6.747414316,5.684359132,3.651637819,2.15517631,0.464714524,-0.340849742,-0.983339438,-0.48262717,-1.402349163,1.469238567,-0.72215685,-1.01193837,-0.956811949,-4.317298868,-4.342070121,-4.959344779,2.763457373,2.152143722,3.235052863,4.817621854,6.413042558,4.965487347,4.226669698,Retracing
165,-8.063545667,-9.110519616,-9.881971436,-4.535076052,-4.859005659,-5.07521921,-5.142737613,-4.473359184,-3.578509014,-2.790326569,-2.76466766,-1.190886898,1.893720361,3.373301245,2.409923131,3.03514006,4.826813714,5.268911361,6.204249289,5.438426553,6.11483913,7.448937963,5.477674823,3.830032384,3.687833477,6.160286199,8.556647952,8.173011102,6.634649723,-0.047187891,-1.193923329,Retracing
166,8.118804221,11.21617505,11.98762687,12.86084714,12.67120389,12.39080686,13.41724122,12.83725457,12.31771428,13.18000607,13.15434716,11.16279613,9.524139097,10.6004398,10.58621733,8.789059268,9.389351778,9.639780984,7.975498934,7.591651308,5.895721274,1.991894896,8.152935658,7.412628258,6.801925846,1.957219208,3.08758411,3.144160651,6.886693628,4.016982009,5.619937679,Congressing
167,-1.233483504,3.920687365,4.692139185,5.786823747,6.815480028,5.965711472,5.580662467,4.258104692,4.494048725,3.919899319,5.490670131,5.189798568,4.832990596,4.993547239,5.018363056,2.911604869,2.843021879,0.577396901,-0.63776573,-1.71190771,-2.849331675,-2.370288272,-2.408304777,-1.734872009,0.524040372,-1.226185137,-2.819067658,-3.65583087,-3.326149824,-2.470602437,-0.753580245,Congressing
168,4.104269462,4.060021334,4.831473155,6.096914937,5.912824345,5.750767129,5.177949813,5.37085078,5.752795065,5.83193915,7.322646865,7.949870699,8.498068523,8.029770231,8.389285048,8.035271942,7.135953164,6.491662206,6.679624269,6.961680482,9.447081344,8.957537329,2.801809908,1.827638942,1.428360889,5.643048899,5.14321143,4.429706814,3.181687936,1.861140214,1.371723865,Congressing
169,-6.989253348,-4.816986381,2.110570461,1.237350193,1.010442915,0.279306217,0.754673774,1.663796672,1.504094942,1.603275301,1.511630553,2.154209514,3.502428491,4.198886826,3.165002442,2.467271319,3.994572441,3.86802752,2.823826259,2.892977763,3.047712397,-1.642824642,4.592201063,4.309863021,5.59274151,6.638176392,5.88307317,7.123489684,6.169311829,5.355717165,6.870568536,Congressing
170,-6.536972683,-5.411471412,-4.640019592,-3.983529592,-2.232480465,3.288648093,3.564866113,4.164705526,4.697090321,4.381483952,4.930945191,4.997479642,5.42914158,3.634425927,3.620203457,2.67514529,1.527599991,-1.754140659,-1.897208624,-1.966360128,0.165853905,0.14580048,-2.651609572,0.116125174,-0.900157149,-0.936144988,-0.780201842,-1.616965054,-1.148368349,-3.310377659,-3.372703931,Congressing
171,5.426331222,6.002797098,4.346112257,3.685059316,3.597984649,2.145351066,1.759702682,0.877557427,0.326827274,0.733177291,2.075311476,2.346707933,4.754150719,4.437382892,4.451605362,2.712266929,2.083928149,4.554811367,3.852792742,1.791331757,0.692999447,0.155122173,-3.348486421,-3.630824463,-3.248264025,-5.981013882,-3.76627257,-2.929509359,-0.330601231,2.164476643,2.803919884,Retracing
172,5.052054379,0.292784397,-0.29070988,-1.282809746,-2.164271309,2.445160481,1.867144287,1.88531994,1.339071507,1.35845554,1.013469944,0.911842851,0.010730308,0.370727359,0.384949829,1.020057059,4.342138644,3.039932787,4.013488996,1.644215259,1.070532973,0.066082432,-1.202595408,-0.757006801,5.475067171,-3.429459864,5.271875314,1.210842005,0.601118469,0.986692339,2.566782209,Quasi-static
173,6.754125935,8.440295737,8.472925308,7.873080757,8.319274672,8.226528704,8.34541599,8.993721578,9.180089167,9.1994732,9.42231321,9.231391198,10.31396297,10.59623834,10.61046081,8.945617781,0.894837309,0.959572624,-0.522771992,-0.626897971,-1.859191324,-2.032905352,-2.712754386,-1.202903487,-2.525527509,-2.48953967,-3.305442118,-3.109119352,-2.803649483,-3.606148408,-3.214795576,Congressing
174,2.584738594,3.649456442,4.629141779,3.755921511,4.120318896,4.61480779,5.349750482,6.781378626,7.018931696,7.038315729,7.092850514,7.610142553,8.508165718,9.937255858,9.951478328,9.782925585,9.603021254,8.692292535,5.099269534,4.235012138,0.834969409,2.552240962,-2.097426778,-2.253956674,-1.595942465,1.284034075,1.45203486,2.395891107,1.806112642,0.745952247,1.385395489,Congressing
175,-0.546812286,-2.473422722,-2.904163581,-2.030943314,-1.388843404,0.523803221,0.763584094,1.094747839,2.159784874,3.033509793,4.930175338,6.473924628,7.97176486,7.971166638,7.956944168,7.463475078,6.954720728,6.655328133,8.227077078,8.802988262,5.176492547,6.001412457,5.523920816,7.436425888,5.403880504,6.554862239,8.250495794,8.614004007,4.21316653,2.755146642,3.271377242,Congressing
176,2.371158231,3.951730524,6.359508687,6.927875861,7.45884682,6.9990866,7.519101539,6.481684552,7.394650786,6.635716098,6.39200661,5.870334502,3.6435522,2.280808191,3.052889387,2.451468567,4.648645526,3.256213744,2.212280765,1.952950947,2.629363523,3.992611959,4.857740622,5.672175761,7.757168804,5.498082356,4.435231774,0.010629485,-2.52293693,-2.380360661,-1.74091742,Retracing
177,1.11874906,2.684106243,5.62760439,5.75594017,6.242818049,6.772398374,8.37924601,9.483085694,8.931779681,8.951163715,9.318294729,8.796622621,6.517798634,6.652749809,6.666972279,6.498419536,6.005864491,5.719141726,2.948084011,4.917897016,4.747872009,6.084348729,7.406568793,7.479772582,7.313697167,8.830774499,7.08354674,7.933870912,7.888308217,7.764347946,4.600694316,Congressing
178,-0.958264528,0.503446321,0.177425709,0.219994093,0.204723479,1.246784319,2.25172517,1.2588225,1.942715696,1.038747836,1.064406745,0.800322531,1.625172694,1.190776491,1.204998961,1.036446218,-0.547844172,-0.595324883,-0.616942483,-2.607409769,-3.545805435,-1.442403922,-1.727701088,-2.01003913,-4.110405467,-1.644677533,-1.800620679,-0.463313927,0.267874559,-0.736323153,-0.096879912,Quasi-static
179,-2.89619919,-2.722563954,-2.850183722,-2.658525198,-1.307475028,0.515054219,0.935104874,0.046244512,0.471020222,-0.468483513,0.082269965,0.505947793,0.511125384,-0.384580708,-0.370358238,-0.538910981,-1.366382198,-1.931407079,-2.553796789,-3.698121593,-3.27659755,-3.14997874,-0.460491428,0.683401554,1.244466205,1.968015855,1.812072709,-0.301722139,3.726847526,3.595294219,3.457621659,Quasi-static
180,,,,-0.397872092,-2.441689207,-3.2696315,-0.66737855,-0.310640408,-0.800337131,-1.21033144,-1.989953126,-1.831669452,-2.320104411,-1.945845695,-1.630392082,-1.717534423,-1.154554157,-1.382228939,-1.327092807,-0.725021471,-0.259918088,0.878780856,1.561283475,1.56002687,1.726864237,1.602562944,1.64905327,0.888505323,0.967983378,1.073397592,2.856498167,Quasi-static
181,,,,1.604128229,-2.294668065,0.8754556,1.791568306,8.882522803,7.693135048,7.286732188,6.658798007,5.195276323,3.730584775,4.724363926,1.947579602,2.871091413,2.067129997,1.626426806,1.750935807,1.602052484,0.601069917,0.037271194,-0.652183507,-1.063601184,-0.175948199,0.367260331,1.108636143,1.022073802,1.120786588,-0.00914621,-2.203725976,Congressing
182,,,,6.734710476,9.201729762,6.983860173,11.44873704,6.965766904,6.089661684,6.938618443,7.209443193,5.082459784,2.539284702,5.134163598,4.795644833,3.279781256,2.561368453,2.077118516,2.135108485,2.300529561,2.137586868,2.301572612,2.649461697,4.188720552,4.264066409,5.075003473,6.272198064,7.259850264,8.574289388,6.68423331,5.06313319,Retracing
183,,,,1.860049156,2.842845003,8.901527473,3.719967625,3.063091889,2.438374944,1.679670821,2.613786807,2.020157461,4.769662805,0.222869509,0.366618792,2.11588625,2.717474795,3.411276057,3.52760446,3.693025536,5.352688533,5.22606198,6.026378425,3.448792511,3.524138368,3.847050473,3.158853438,2.475765989,2.563091195,2.441878353,1.540198455,Congressing
184,,,,5.794981895,5.420999824,7.213641585,7.840475072,7.977998897,7.735734649,9.339442053,8.525180518,6.728720373,6.082987584,5.931609094,5.619286553,0.705614992,1.831545575,1.882236169,3.5420502,4.541630317,5.099099705,5.419435911,4.961906639,6.488589915,6.563935772,8.396493923,7.872694098,9.322373269,8.781140264,8.659927422,5.312585526,Retracing
185,,,,-4.836498908,0.797332272,3.967455936,5.232955883,6.802740377,7.291128682,5.501458933,6.102913851,5.458323444,5.649164378,5.696318988,4.718265861,4.061934712,0.521187391,1.214988653,4.009196223,4.174617299,6.440452509,7.367869732,7.844577211,8.938017391,9.563233864,10.10644239,10.35516567,9.422457195,7.57071872,4.706193896,0.802594793,Retracing
186,,,,6.508633761,9.503007888,3.594412363,-1.416725472,-2.233615069,-1.206078412,0.124407222,-0.846316018,-1.725364723,1.196600208,1.549793585,1.511091444,0.587579633,-3.697457805,-3.908823646,-0.841528129,-1.006949206,0.362612882,-0.193453935,-0.956456517,0.335139867,1.056037214,1.30788053,1.931791989,2.203694578,2.116369372,1.661174403,-0.538597984,Retracing
187,,,,2.489167565,1.4626346,4.632758265,2.102532993,0.632747558,-0.165143579,0.294373117,0.79704221,6.010835572,3.519153704,2.485003824,2.240710567,3.164222378,3.259991362,3.219559796,3.434996803,3.600417879,4.096026042,4.982179713,5.866145031,6.671133691,6.746479548,7.574239178,7.045047528,7.553244125,7.124939084,5.852150074,5.607225054,Congressing
188,,,,4.459314329,-0.016881315,2.286380018,3.064461933,2.471379867,2.96107659,2.971600052,2.871489007,2.553825571,3.278806847,3.039029891,2.336723011,2.732567527,3.334156072,2.285742004,1.800685969,0.555938687,0.309601735,-0.938542816,-0.91464787,-1.891219738,-0.896593727,-0.016105399,0.491648946,1.543228026,2.477329943,5.838561307,5.878462425,Retracing
189,,,,-2.601680228,0.168978021,4.44497177,4.972972459,1.232438916,0.742742194,0.398976871,0.478284328,0.522773809,-0.202207467,-0.170059578,1.023963032,1.223699493,1.594360081,2.152339015,2.364970139,1.802371843,0.870251537,-1.019083248,-1.819399693,-1.530811331,-1.640947973,-1.3436386,-1.591493083,-0.908405634,-2.130424557,-2.009211715,0.199981615,Quasi-static
190,,,,0.751425986,1.270479063,-0.287059943,-2.037093013,2.598572635,2.108875913,0.484663748,-0.191013821,-0.336559098,-0.216732129,-0.270573174,-1.60996377,-0.713686026,-1.911039325,-0.024856842,-0.74834724,-0.011389585,-1.412121858,0.053146432,-0.843894295,-0.376845631,-0.452191488,-0.184846353,0.440081718,0.356305903,-0.20421181,-0.213939368,-1.424666989,Quasi-static
191,,,,5.297726272,4.314930425,2.684909644,1.90682773,3.179160631,4.946252165,4.329903065,4.923123796,4.538892934,4.546626436,3.52767039,-0.867381718,-0.144810354,-0.087533844,-1.201471721,-2.874778688,-2.939315724,-2.867487318,-2.536430725,-2.421559201,-2.132970839,-2.276547374,1.607880928,1.100126584,1.783214032,3.281994343,3.609101907,2.919713292,Quasi-static
192,,,,-3.078545481,-0.87611157,1.532864635,-1.140699864,-0.956347015,-0.944100389,2.160971802,0.429552221,-1.076479083,-1.468523557,-1.676074962,-1.809436452,-2.157383754,0.049190298,-1.988105619,0.013591329,1.512923462,4.362493231,4.330974508,5.423859691,5.674987927,6.391992738,6.810960979,8.829975741,9.51306319,9.241104045,7.706388954,4.253882675,Retracing
193,,,,3.085352099,4.068147947,-4.159073303,-5.84374249,-6.221168757,-6.830824106,-6.176946118,-8.769999701,-7.263968397,-6.669600447,-5.737823561,-5.71040791,-4.373152362,-3.771563817,-3.077762555,-1.529338632,-0.165930972,0.867313794,2.001124362,2.801440807,4.207220852,4.282566709,4.804028588,6.025162212,5.342074763,4.846884196,4.725671354,5.494358402,Retracing
194,,,,-0.137084634,2.517400703,5.550335057,4.772253143,8.493410014,8.003713292,7.744764964,8.433000126,9.038844,7.114123509,6.59367341,5.92731832,5.165740003,5.388303325,4.962689785,3.988609994,2.398292256,2.111050607,1.983518361,1.061379621,0.894946136,0.819600279,1.130872509,1.034055998,0.905466024,1.923079796,2.044292639,2.181647668,Retracing
195,,,,4.836018775,2.227958577,3.977413696,2.949154176,2.619167475,4.065937323,3.933739731,4.540800112,5.009229983,5.169271826,4.186158137,4.038200435,4.021113357,3.419524812,4.079586553,4.98331384,6.194922166,8.042912977,9.331897254,10.73281547,11.97032297,12.05547615,12.09353709,11.58578274,12.26887019,13.20525688,12.55543586,9.722988946,Retracing
196,,,,3.829865723,-0.796470062,6.792438476,6.014356561,6.607438627,5.865719252,5.249370153,5.1876414,6.076535562,5.351554286,5.894373515,7.186112655,7.365549977,7.307172152,7.549013166,8.219811141,8.054390064,6.848021611,4.588018577,4.194208214,2.905485966,2.744968351,2.20175982,1.694005475,-0.201140835,-0.918434311,-0.969211884,0.626775238,Congressing
197,,,,3.294642724,4.277438572,3.191502735,-0.022653455,-0.615735521,-0.126038798,-1.8599043,1.392045906,2.536237292,3.261218568,3.26554762,4.043034969,4.689204509,5.290793054,5.984594316,6.007284785,6.078380744,6.036732498,6.302100862,5.670518762,6.60028423,5.078173984,5.111420782,4.532279713,3.988391749,3.990373087,3.223841382,2.248657238,Congressing
198,,,,1.711217373,1.379832184,-0.795786914,3.853394083,4.446476149,-1.620265959,-2.731276714,0.802241391,1.110791213,0.385809936,0.893157298,0.651145875,-0.387395201,0.220809845,1.458587082,3.020573316,3.386457604,5.096947486,6.111258834,7.371061967,7.921021539,7.776693872,8.190387978,7.682633633,8.365721081,7.297776342,6.672087223,1.520822243,Retracing
199,,,,7.76614211,8.491262579,9.668641198,10.12724165,4.283282063,5.924646867,5.489855788,5.633339388,6.994872277,6.604844278,6.178809962,5.936798539,6.004277971,6.683307498,6.927450929,7.879401203,7.713980127,7.785808532,9.170446636,9.950298468,10.36663475,10.74810672,11.84847592,12.50567174,12.75416533,12.26905899,9.993795278,7.424444236,Retracing